{"cameraMode":{"drawMode":0,"name":"Shaded","section":"Shading Mode"},"sceneLighting":true,"audioPlay":false,"sceneViewState":{"m_AlwaysRefresh":false,"showFog":true,"showSkybox":true,"showFlares":true,"showImageEffects":true,"showParticleSystems":true,"showVisualEffectGraphs":true,"m_FxEnabled":true},"in2DMode":false,"pivot":{"x":4.716853618621826,"y":6.3492255210876469,"z":-1.948286771774292},"rotation":{"x":0.21159200370311738,"y":0.030043885111808778,"z":-0.00650282995775342,"w":0.9768547415733337},"size":6.012517929077148,"orthographic":false}